id	name	sub1	sub2	sub3	tot	obtMark	percentage
101	ganesh	89	90	67	300	246	82
102	sai	98	67	65	300	230	76.66666667
103	chandu	87	89	91	300	267	89
104	praveen	65	97	87	300	249	83
105	raju	87	77	78	300	242	80.66666667
